ID,PROVIDED_LABEL,PREDICTION,FINAL_LABEL
XATHQAOSPE,2,1,1
D7ATV3H1YD,2,1,1
DXUFMO00FS,2,1,1
NZBALVR6CF,2,0,0
TKWJHEYRLP,2,1,1
R8ARFXA62G,2,1,1
4USM1D1I1Q,2,0,0
RJ0VF3WCOB,2,1,1
LL7V1S0QG3,2,1,1
NSIOUFFN5C,1,1,1
H89EKSBTZX,2,1,1
EL568TREPD,2,1,1
GZZWB0E3AX,2,1,1
MMPJO0MZ0N,2,1,1
JRDBXRBEZ5,2,1,1
NLOAVVNSZ2,2,1,1
S35MFASKLA,2,1,1
YDDKTODLGX,0,0,0
0D8CAOL7XN,1,1,1
H6XNGJ7SCM,1,1,1
FGQ1PL8LA6,2,0,0
O0DETC0XV6,2,0,0
E1I3Y679E0,2,1,1
KD73PJ3EP5,2,0,0
IU50O8RY55,1,1,1
ZGZHPG1TS8,0,0,0
PASOTPBNLM,0,0,0
QJ2T20DZCY,2,1,1
88LIKKIYG5,2,1,1
XW6NK8Y9MH,2,1,1
OG64GZNSWE,2,0,0
L7GJ5TTDYK,2,1,1
1PSFC9GSK4,2,0,0
7OYEBPQERQ,2,1,1
KO0PCC5TE8,2,1,1
R18W797V9Q,0,1,0
8R488ER0ZH,2,1,1
U31ZKRHJ9K,2,1,1
9PS130EZ8T,1,1,1
S71BHUO2FN,2,1,1
TC1N3OMAN3,1,1,1
4LVFXVFAI5,2,1,1
XPU9214EU6,2,1,1
3GUM6SI9RE,2,1,1
GW74P8SAKY,2,1,1
FVRJD27CDC,2,1,1
YLGDVW6WCT,2,1,1
MQX8OX8FIO,2,1,1
I1TDO1US28,2,0,0
ZKY5P7R745,2,1,1
TQEMWEEP28,2,0,0
A1LPGU21B5,2,0,0
2IM42LTT5R,0,1,0
BK38HX9NS4,2,1,1
4ZA11BXYQU,2,1,1
LLG5ML8RHL,2,1,1
32LZR8ZQYK,2,1,1
AXZKAINTK1,2,1,1
DDDN8ANJT0,2,1,1
23TVDEG2YC,2,1,1
DWQX31MS3S,2,1,1
C4C384534S,2,1,1
C14AN35RKC,2,1,1
VLGVUDJ90Q,2,1,1
MG1JCLM1X9,2,1,1
0ZKZ7CTPCO,2,1,1
1QJIZTDX38,2,0,0
75UEPXC0IW,2,0,0
UMM0YIUKNH,2,1,1
XXGLDEB0PE,2,1,1
NPVTQJD50W,2,0,0
ROHDD0Z6CG,0,1,0
6QOZ04UI5X,2,1,1
DO2T6GX0CO,2,1,1
6RMUDHJM4W,2,1,1
4OZB2350T9,2,1,1
TFREKW8N0X,2,1,1
XIB265Q1SJ,2,1,1
6G186D1H5K,2,1,1
0D2XANLNWB,2,0,0
WML4D26C67,2,0,0
9HFS33L9CI,2,1,1
1JGXELMHOF,2,1,1
AHQQ4HWF9Z,2,1,1
XUOU6FH2DR,2,1,1
Y00KJWDL6W,2,1,1
L4214B2QPO,2,1,1
K48DV4C50M,2,1,1
F68PGID9TU,1,1,1
5L4PYZ36G0,2,1,1
FNHZ7WDW7Y,2,1,1
FPMY3OD663,2,1,1
EK53ZI08W8,2,1,1
VXC2DB72R7,2,1,1
JYA410BBKR,2,1,1
4UYWOVMYD9,2,1,1
GQDKZ8GJ7O,2,1,1
YQEUHTOP2I,2,1,1
T3NR1G1FFR,2,1,1
UDTA6SHXDI,2,1,1
WRGLR1OM65,2,1,1
10MOX4IMD7,2,1,1
Y0SQ3LTXI3,2,1,1
O56IYAJKOQ,2,1,1
I1II0JEBC3,2,1,1
T83G4QLO49,2,1,1
U73VXHISZY,2,1,1
JJT0E5G3ZB,2,1,1
LF0QTFG29B,2,1,1
SJ75YFI4ET,2,1,1
0P2ZQ4BASS,2,1,1
P1BEOYNKDF,2,0,0
3CLTHAJWT5,2,1,1
TDH5H2CF40,2,1,1
ZX4733CP7F,2,0,0
SUGHP6NLPK,2,1,1
UECHV0PJQU,2,1,1
ZBKI0P43EK,0,1,0
ECGD9KF3VX,2,1,1
HCRK8WNTRJ,2,1,1
N1WUHGN5J1,2,1,1
5PK8DKP0ZZ,2,0,0
5U8NHGADRR,2,1,1
ZM64YPV8OX,2,1,1
GMEGHRIW0J,2,1,1
UTFYOXUEPH,2,0,0
N44HQ30PQE,2,1,1
RSQQ5YEC8W,2,1,1
DK89JDSW3X,2,0,0
6W361V5VV9,0,1,0
F0X097QL8I,2,0,0
H01FH3KEY8,0,0,0
HXK7RUM68N,2,1,1
LO0F70NRDD,2,1,1
XDAOHC9OY5,2,1,1
Y285MKKJ4J,2,1,1
ZZNLOGOUC9,2,1,1
DKTQZASTB9,2,0,0
L7EFGCOAD0,2,1,1
76X65A5PP1,2,1,1
244F8XZK0E,0,1,0
SYQYA98A3O,2,1,1
CZ35XEIQQL,2,1,1
OWH38MT8MT,2,1,1
GP7GTLRONW,2,1,1
Z2UAISMWW6,2,1,1
4REKDG0V64,2,1,1
U2OWHF9C2M,2,1,1
1I8PRKICC1,2,1,1
BZMVM7UDDC,2,1,1
GHSWJ7IZ96,2,1,1
R3SUR0CZW3,2,0,0
A3B4QBVRXQ,2,1,1
H1SQXI3VG1,2,1,1
FPLK2Z9M1O,2,1,1
12MINIG2V7,1,1,1
LMFZ8A6OUU,2,1,1
3TUKKW5GXO,2,1,1
L54SD4SCXE,2,1,1
7TW6HKDNII,2,0,0
77DYFCICAX,2,0,0
EGTMM9VP8Z,2,1,1
6TQ8WY1A1T,2,1,1
GWE85UXMG3,2,1,1
HB5IYNTKK9,2,1,1
Q7QQE54CKS,2,1,1
R68CAKRCZI,2,1,1
VWEQSW9GQY,0,1,0
2TT75RT0RO,1,1,1
21BT3ARI08,2,1,1
3GHXFOJQ2L,2,1,1
XKG8C7QFXT,0,0,0
4M2D4IB9S6,2,1,1
TEKJPG39QQ,2,1,1
X8L6WJ0NDN,1,1,1
514WEKM9US,2,1,1
Y6K2JU2H4B,0,1,0
CVQ1Z7EQVZ,2,1,1
BROW8BT8Y8,2,1,1
1BNKNECJRU,2,1,1
J0OF821KRS,2,1,1
1O4FGEX31T,2,1,1
AQ7QG00T1E,2,1,1
5CJ88FMSBA,2,1,1
HCCDN2TD0R,2,1,1
RLL2WGXJRT,1,1,1
BWGSZNP0LF,2,1,1
XUO9R4GLWS,2,1,1
45XXUUVBQU,2,1,1
3OS373FIQC,2,0,0
FVILFM7OSU,2,1,1
3866QSTGPQ,2,1,1
OVOM1QSTK5,2,1,1
8WTA54PGBC,2,1,1
6W52WZKXOC,2,1,1
IF73FAK84R,2,1,1
5TKRD0UET0,2,0,0
FSO4MWKKAR,2,1,1
BO81DNUC98,2,1,1
7JPUCM4BHS,2,0,0
FJYXJHG2KM,2,1,1
C5YK4RN57W,2,0,0
JBX7H4T33L,2,0,0
IAGY5YUR9E,2,1,1
A2X1RKUMID,2,0,0
AIQPXRJKF7,2,1,1
5B0N0KF0OZ,2,1,1
RDSE19HMCJ,2,1,1
1VVQNIU4I4,2,1,1
ZPBG7LTFP7,2,1,1
FI3U0S0S6X,1,1,1
97NV00K4YA,2,1,1
421BPRLP1H,2,1,1
IB795LJI77,2,1,1
J2KO453ZT9,2,1,1
W8ENISIETU,2,1,1
JBZJ2LV64J,2,1,1
27FYVYRXHC,2,1,1
G11VNYE1HH,2,1,1
QR1QDMLAXQ,2,1,1
G2LC5CGD8K,2,0,0
6L88Z54PYV,2,1,1
27098TXSI3,2,1,1
1M8238T2AW,2,0,0
7FPDGERPRV,0,0,0
YZDT3ZMHJF,2,1,1
3162VQ31V7,0,1,0
221Y2P3R9J,2,1,1
FG1GU97VU5,1,1,1
77C2EX0563,2,1,1
ZRFQJ78VMK,2,1,1
RF3R75NCG7,2,1,1
DRAD23MMMA,2,1,1
GEDG42ENGM,2,1,1
541T0I3AUW,1,1,1
35UVJCB74Q,2,1,1
1KMDDIB0WA,2,1,1
HEHXM9668B,2,0,0
915QHB8GME,2,0,0
LIZ88MPJYN,2,1,1
FJDGLG7POQ,2,1,1
072VW2DTHZ,2,0,0
NYCGDNV50A,2,0,0
TQT94705R0,2,1,1
6A0ZBCDFGV,2,1,1
BDMI3ZXH0S,2,1,1
8ZP0P6EA2V,2,1,1
N2VPD13IWV,2,1,1
CBDX295MEZ,0,0,0
0D9KDY33VL,2,1,1
LTCZ1EWM5K,2,0,0
WGXR3ONJFH,2,1,1
JQ7FW67TJ8,2,1,1
1Z2W0U9OU8,0,1,0
XZUKKHWKB8,2,1,1
JXJS69ZN5Z,2,1,1
BW1I95V68P,2,1,1
UR36VE8KU4,2,1,1
LXTGJ91STF,2,1,1
O8W3DPZC0U,2,1,1
R3TKLL4WU1,2,0,0
2YD7E0JZWB,2,1,1
CAJAINRPE5,2,1,1
56K4DSES6F,2,1,1
7A8PVRXFLV,1,1,1
OFML4KZCAE,2,1,1
X4ASJ6RLN6,2,1,1
9EY8WR8CDU,2,1,1
WSYP46INU1,2,1,1
J3D6Q83SUO,2,1,1
LWEWBT96XT,2,1,1
QX9N1VDFJJ,2,1,1
ITIM1J0WSF,2,1,1
0RASQ7TQKJ,2,1,1
ISDFCVKRVC,2,1,1
KXGWXZQU8N,2,1,1
QB8U1CAEOV,2,1,1
HBY762ULBC,2,1,1
QPHXKP30BG,2,0,0
0GO9BNG5JC,2,1,1
2B68X3TLPO,2,1,1
6WFZ2WDJ24,2,0,0
YE18FH0BFU,2,1,1
FW71CH9KIC,2,1,1
N09DENCIJ3,2,1,1
MA1CKK4XZH,2,0,0
Q7WD8INZQ5,2,1,1
9SKVMHKUAV,2,1,1
656QZ2VWR4,2,0,0
27L7Y08ROR,2,1,1
JWSBZ4LZRX,2,0,0
KZ3VCLL0J6,2,1,1
BN764APWDT,2,1,1
S0G2JOY8VT,2,1,1
UGZ010DWVA,2,1,1
VKDMNUUZX2,2,1,1
ZCB53KC2PC,0,0,0
8HSVAQ716J,2,0,0
FA79Q4F0H0,2,1,1
MPPY809BIA,2,1,1
HAN10YME1F,2,0,0
JXZMWLFM1N,2,1,1
YAAYBNPNBF,2,1,1
GE90UVYAIC,1,1,1
6MKIUXJ6CQ,2,1,1
9YJUUID3DV,2,1,1
WDZIHM70NH,2,1,1
GAJOY10X4A,2,1,1
W9Z4GUIV4K,2,1,1
EFBZ19FLZB,2,1,1
CG19UEJT4H,2,1,1
YXAXYF3SXW,2,1,1
E8W0PTQ9KC,2,1,1
IIBWPCAJFZ,0,1,0
IEMF4VU2VH,2,1,1
F3AJRF7TJG,2,1,1
VAUS6D0S3K,2,1,1
GMGML0EULU,2,1,1
8EDWFJG35I,2,1,1
H2HPWO8E99,2,1,1
42784TS74Q,2,1,1
Y5K92G0CA2,2,1,1
PR9SD61V3D,2,1,1
43QRG7SY14,2,0,0
N1X635B5Z9,2,1,1
DX7RS4N7IC,2,1,1
66420YSP5M,2,1,1
GDLKIPE3CH,2,1,1
6NPGSW6R8P,2,1,1
4KEPG8K8NX,2,1,1
22LW1V963Y,2,1,1
KMBK3UC6PC,2,0,0
PYVE80HN4Y,2,1,1
HBDLHYEA1L,2,1,1
30AERYBO11,2,1,1
WOY6M7Y3D8,2,0,0
MWT70NTC17,2,0,0
S8XIWIEA2H,2,1,1
AOPBZ7X6AE,2,1,1
ZVM6ABNSS1,2,1,1
TBUUEZXSLP,2,1,1
ARMR64W5O0,2,1,1
YEQHIRWT8P,2,0,0
GINYUH6NU7,1,1,1
9QO189PLWT,2,1,1
MIRV2AHSDH,1,1,1
9OPVZ6VP7K,2,1,1
ZYD38PBMCH,2,1,1
JQCJPH64SW,2,1,1
EF57WPNJAM,2,1,1
XV45S85AXQ,2,1,1
EMW8PK5F2G,2,1,1
YEZKNC4RNY,2,1,1
U91VS1DG4X,2,1,1
GT37129NRX,2,1,1
M97BEZCB1V,2,1,1
DTU78DE6VZ,2,0,0
06B9H4N6NV,2,1,1
XK7B8CDK0T,2,1,1
25LY8GI6DE,2,1,1
L7C6MV0Z84,2,0,0
XEA040Q8N9,2,1,1
KICNKIP98W,2,1,1
BJ53WB0WQB,0,0,0
K681L5OQ3R,2,1,1
ASLJ66JRJL,1,1,1
AM3UVRYGAU,2,0,0
10M5MCMSO3,2,1,1
LDWU4KBNIS,2,1,1
L4I0OY5T07,2,1,1
X09OXQUHX6,2,1,1
ZVS4M3Y201,2,1,1
7I09698RMP,2,1,1
1H1SA1OIYA,2,0,0
FSPNRHDS44,2,1,1
XI3FSQ31EF,2,0,0
B5PN7WKKMI,1,1,1
OW6VLRXPJT,2,1,1
QI3IGYH5L4,2,1,1
65YME8J8IE,2,1,1
51RBYSZVEY,2,1,1
O7O51MZU4N,2,1,1
KF2U0T542I,2,1,1
UX27Y1YUX4,2,1,1
Z3FNA3LKXY,2,1,1
YPME5D9Q5F,2,0,0
OA8CVUPFQ2,2,1,1
W102PRJ7LH,2,1,1
4LOY1URGVH,2,0,0
RL9JXFY2JE,2,1,1
RZ4FLK02QV,2,1,1
P4TDYTUQNV,2,1,1
72K6TSQ829,2,1,1
Z1BCC9U0E5,2,1,1
P2YCAPIMT8,2,1,1
V1Q3EL4Z4X,2,1,1
IH6195R5YX,2,1,1
5KLHR74OI0,2,1,1
KTG9DOE0M2,2,0,0
572K7GROWM,2,1,1
